Area,Perimeter,Compactness,Class
15.26,14.84,0.871,1
14.88,14.57,0.8811,1
14.29,14.09,0.905,1
13.84,13.94,0.8955,1
16.14,14.99,0.9034,1
14.38,14.21,0.8951,1
14.69,14.49,0.8799,1
14.11,14.1,0.8911,1
16.63,15.46,0.8747,1
16.44,15.25,0.888,1
15.26,14.85,0.8696,1
14.03,14.16,0.8796,1
13.89,14.02,0.888,1
13.78,14.06,0.8759,1
13.74,14.05,0.8744,1
14.59,14.28,0.8993,1
13.99,13.83,0.9183,1
15.69,14.75,0.9058,1
14.7,14.21,0.9153,1
12.72,13.57,0.8686,1
14.16,14.4,0.8584,1
14.11,14.26,0.8722,1
15.88,14.9,0.8988,1
12.08,13.23,0.8664,1
15.01,14.76,0.8657,1
16.19,15.16,0.8849,1
13.02,13.76,0.8641,1
12.74,13.67,0.8564,1
14.11,14.18,0.882,1
13.45,14.02,0.8604,1
13.16,13.82,0.8662,1
15.49,14.94,0.8724,1
14.09,14.41,0.8529,1
13.94,14.17,0.8728,1
15.05,14.68,0.8779,1
16.12,15.0,0.9,1
16.2,15.27,0.8734,1
17.08,15.38,0.9079,1
14.8,14.52,0.8823,1
14.28,14.17,0.8944,1
13.54,13.85,0.8871,1
13.5,13.85,0.8852,1
13.16,13.55,0.9009,1
15.5,14.86,0.882,1
15.11,14.54,0.8986,1
13.8,14.04,0.8794,1
15.36,14.76,0.8861,1
14.99,14.56,0.8883,1
14.79,14.52,0.8819,1
14.86,14.67,0.8676,1
17.63,15.98,0.8673,2
16.84,15.67,0.8623,2
17.26,15.73,0.8763,2
19.11,16.26,0.9081,2
16.82,15.51,0.8786,2
16.77,15.62,0.8638,2
17.32,15.91,0.8599,2
20.71,17.23,0.8763,2
18.94,16.49,0.875,2
17.12,15.55,0.8892,2
16.53,15.34,0.8823,2
18.72,16.19,0.8977,2
20.2,16.89,0.8894,2
19.57,16.74,0.8779,2
19.51,16.71,0.878,2
18.27,16.09,0.887,2
18.88,16.26,0.8969,2
18.98,16.66,0.859,2
21.18,17.21,0.8989,2
20.88,17.05,0.9031,2
20.1,16.99,0.8746,2
18.76,16.2,0.8984,2
18.81,16.29,0.8906,2
18.59,16.05,0.9066,2
18.36,16.52,0.8452,2
16.87,15.65,0.8648,2
19.31,16.59,0.8815,2
18.98,16.57,0.8687,2
18.17,16.26,0.8637,2
18.72,16.34,0.881,2
16.41,15.25,0.8866,2
17.99,15.86,0.8992,2
19.46,16.5,0.8985,2
19.18,16.63,0.8717,2
18.95,16.42,0.8829,2
18.83,16.29,0.8917,2
18.85,16.17,0.9056,2
17.63,15.86,0.88,2
19.94,16.92,0.8752,2
18.55,16.22,0.8865,2
18.45,16.12,0.8921,2
19.38,16.72,0.8716,2
19.13,16.31,0.9035,2
19.14,16.61,0.8722,2
20.97,17.25,0.8859,2
19.06,16.45,0.8854,2
18.96,16.2,0.9077,2
19.15,16.45,0.889,2
18.89,16.23,0.9008,2
20.03,16.9,0.8811,2
13.07,13.92,0.848,3
13.32,13.94,0.8613,3
13.34,13.95,0.862,3
12.22,13.32,0.8652,3
11.82,13.4,0.8274,3
11.21,13.13,0.8167,3
11.43,13.13,0.8335,3
12.49,13.46,0.8658,3
12.7,13.71,0.8491,3
10.79,12.93,0.8107,3
11.83,13.23,0.8496,3
12.01,13.52,0.8249,3
12.26,13.6,0.8333,3
11.18,13.04,0.8266,3
11.36,13.05,0.8382,3
11.19,13.05,0.8253,3
11.34,12.87,0.8596,3
12.13,13.73,0.8081,3
11.75,13.52,0.8082,3
11.49,13.22,0.8263,3
12.54,13.67,0.8425,3
12.02,13.33,0.8503,3
12.05,13.41,0.8416,3
12.55,13.57,0.8558,3
11.14,12.79,0.8558,3
12.1,13.15,0.8793,3
12.44,13.59,0.8462,3
12.15,13.45,0.8443,3
11.35,13.12,0.8291,3
11.24,13.0,0.8359,3
11.02,13.0,0.8189,3
11.55,13.1,0.8455,3
11.27,12.97,0.8419,3
11.4,13.08,0.8375,3
10.83,12.96,0.8099,3
10.8,12.57,0.859,3
11.26,13.01,0.8355,3
10.74,12.73,0.8329,3
11.48,13.05,0.8473,3
12.21,13.47,0.8453,3
11.41,12.95,0.856,3
12.46,13.41,0.8706,3
12.19,13.36,0.8579,3
11.65,13.07,0.8575,3
12.89,13.77,0.8541,3
11.56,13.31,0.8198,3
11.81,13.45,0.8198,3
10.91,12.8,0.8372,3
11.23,12.82,0.8594,3
10.59,12.41,0.8648,3
